{
  "ckpt": "logs/qm9_edm-20260519-200717/checkpoints/epoch=102-step=200000.ckpt",
  "model": "edm",
  "n_samples_requested": 512,
  "num_sampling_steps": 250,
  "n_atoms_range": [
    11,
    22
  ],
  "seed": 0,
  "sampling_time_seconds": 849.5018858909607,
  "samples_per_second": 0.6027061369769797,
  "total": 512.0,
  "valid": 461.0,
  "validity": 0.900390625,
  "uniqueness": 1.0,
  "novelty": 1.0,
  "mean_qed": 0.4162024258390584,
  "mean_bond_length": 1.2582115013645998,
  "std_bond_length": 0.19409947261981228,
  "n_bonds": 7777
}